Player,MIN,PTS,AS,Res_pts_min,Res_as_min
LJ・ピーク,20.099655172413794,11.39655172413793,1.6724137931034482,2.825764987534191,-0.3044473866884314
アイザイア・マーフィー,24.027272727272727,9.527272727272727,2.0727272727272728,-1.145702183799198,-0.3160321705199909
アイラ・ブラウン,31.81018518518519,14.092592592592593,3.0,-0.7460492408363759,-0.2049713277454117
アキ・チェンバース,25.136923076923075,9.384615384615385,1.8653846153846154,-1.8822803474752856,-0.6397464057160462
アレックス・カーク,28.848857142857145,17.085714285714285,1.4857142857142858,3.8320711708091295,-1.4086957765515842
アレックス・デイビス,27.580370370370378,11.88888888888889,2.185185185185185,-0.6858190050215196,-0.5761957591725411
アレン・ダーラム,27.075714285714287,16.02857142857143,3.742857142857143,3.7239718225784664,1.0344006398455146
アンガス・ブラント,28.729824561403507,11.807017543859649,3.2280701754385963,-1.3829154766655947,0.34614333306635103
アンソニー・マクヘンリー,30.793695652173923,10.717391304347826,5.043478260869565,-3.5771923956400595,1.9451085224133005
アンドリュー・ランダル,22.4775,10.25,1.25,0.40651366689708013,-0.9762312219533049
アンドレ・マレー,14.969999999999999,7.5,1.25,1.6747709181142874,-0.18890247374926505
ウィリアムスニカ,22.555833333333325,10.766666666666667,0.9666666666666667,0.8812537954780133,-1.2677795516603947
ウィル・クリークモア,32.24,17.25,2.25,2.1813073512116965,-1.0000469934274228
ウェイン・マーシャル,28.491363636363644,17.0,2.1818181818181817,3.9376989929510646,-0.6751007162840383
エドワード・モリス,11.735681818181819,2.6818181818181817,0.5909090909090909,-1.4122990137092817,-0.5088030151565944
エリエット・ドンリー,14.755471698113208,2.943396226415094,0.7547169811320755,-2.7670103573490183,-0.6616874174418494
エリック・ニッセン,6.7425,2.75,0.75,1.328395498119559,0.1739343262305867
カイル・コリンズワース,24.697115384615394,8.384615384615385,5.519230769230769,-2.646881020301599,3.0602233897997864
カイル・ハント,29.054285714285726,16.877551020408163,1.3673469387755102,3.513955877963868,-1.548606889056555
カイル・バローン,9.229,3.6,0.2,0.8475401327980028,-0.6368306331312974
カディーム・コールビー,26.46,12.342857142857143,2.4285714285714284,0.36780777239524376,-0.21531370476683653
キム・ティリ,17.31463414634146,5.829268292682927,1.4878048780487805,-1.2508849530373576,-0.19698475753005096
キム・ティリー,5.53,3.0,0.0,2.22736478444668,-0.4489080171330633
キング開,7.278571428571429,3.142857142857143,0.8571428571428571,1.4343298431042388,0.22485814283996464
ギャビン・エドワーズ,25.902075471698108,12.79245283018868,1.6603773584905661,1.116022744639336,-0.9249969496115673
ギャレット・スタツ,19.25980769230769,11.461538461538462,1.5961538461538463,3.3402653082651064,-0.2926306016774265
グレゴリー・エチェニケ,32.47490909090909,17.09090909090909,2.0,1.8964854853545852,-1.2746824487037727
ケドリック・ストックマン・ジュニア,8.410400000000003,2.12,1.24,-0.19431862366601482,0.48901782684603523
ケビン・ジョーンズ,28.915744680851063,16.04255319148936,1.7234042553191489,2.7531096990204187,-1.1780204565050565
コー・フリッピン,8.662692307692303,2.75,1.3269230769230769,0.30064635871015444,0.5494824306692936
サーディ・ラベナ,19.50142857142857,7.761904761904762,1.380952380952381,-0.488691714655034,-0.5331714027827483
ザック・バランスキー,15.536785714285715,3.3392857142857144,1.0892857142857142,-2.7893054463632216,-0.40905687760254583
シェーファーアヴィ幸樹,25.319818181818185,9.472727272727273,1.309090909090909,-1.8920598455048427,-1.2152207412458114
シェーン・ウィティングトン,18.829400000000003,9.66,0.82,1.7690949893300445,-1.0236466057264444
シャノン・ショーター,24.330185185185183,11.907407407407407,3.5925925925925926,1.07230393416555,1.1720660249625618
ジェイソン・ウォッシュバーン,29.25521739130436,17.02173913043478,1.7826086956521738,3.5505988440438525,-1.1544172981128407
ジェフ・エアーズ,26.05464285714286,13.25,1.3928571428571428,1.4919109064103484,-1.2085172569664664
ジェフ・ギブス,19.827333333333325,9.116666666666667,2.2333333333333334,0.6916354018644455,0.28503116954835983
ジェームズ・マイケル・マカドゥ,20.281599999999997,10.4,1.28,1.7318304964605655,-0.7159421512664912
ジャスティン・ハーパー,24.635714285714283,12.314285714285715,1.1714285714285715,1.3156531669634148,-1.28113953389836
ジャスティン・バーレル,26.67723404255318,13.02127659574468,2.765957446808511,0.9299565270875707,0.0992904810638926
ジャック・クーリー,28.08636363636364,16.363636363636363,1.6727272727272726,3.5181044790307165,-1.141718346251053
ジャマリ・トレイラー,26.846896551724143,12.862068965517242,2.2413793103448274,0.6799400247008336,-0.44308055196492324
ジャマール・ソープ,8.935714285714287,3.5,0.42857142857142855,0.9045161498618697,-0.37750165886626935
ジャワッド・ウィリアムズ,24.43306122448979,10.040816326530612,1.469387755102041,-0.8493497362433455,-0.9619276587811882
ジュリアン・マブンガ,33.32163636363636,19.90909090909091,7.1454545454545455,4.261471432282363,3.7819738651548245
ジョシュア・スミス,26.65509433962265,15.981132075471699,2.5660377358490565,3.901661893173616,-0.09830738845781228
ジョシュ・スコット,23.18949152542373,11.796610169491526,0.9661016949152542,1.5720429026771026,-1.3347977117125427
ジョシュ・ダンカン,23.597678571428577,13.535714285714286,1.4821428571428572,3.092672086171003,-0.8615640614348701
ジョシュ・ハレルソン,29.662407407407418,12.62962962962963,3.0185185185185186,-1.059451946781861,0.03878957361669366
ジョシュ・ホーキンソン,25.849361702127663,15.808510638297872,2.276595744680851,4.160294670206461,-0.3032503494740273
ジョナサン・オクテウス,18.294181818181816,12.527272727272727,1.8909090909090909,4.92283382916677,0.10339204377165157
ジョーダン・テイラー,22.633469387755106,13.673469387755102,4.6938775510204085,3.7465031847467714,2.451289461558695
ジョーダン・ハミルトン,32.92555555555557,20.85185185185185,6.018518518518518,5.416227656979846,2.6965757412243105
ジョーダン・ヒース,26.238409090909098,10.681818181818182,1.0454545454545454,-1.1746285543102744,-1.5751918408883236
ジョーダン・フェイゾン,33.8875,21.0,2.0,5.049511970408453,-1.422824098011659
ジージオ・ベイン,17.475,4.5,0.5,-2.6659862466275186,-1.2016075705526112
ステヴァン・イェロヴァツ,30.863076923076907,18.846153846153847,1.8846153846153846,4.5144350419495645,-1.2210305268903445
セドリック・シモンズ,13.27736842105263,4.7368421052631575,0.7368421052631579,-0.18243571245412404,-0.5245502116798121
セバスチャン・サイズ,27.99842105263156,17.087719298245613,1.2456140350877194,4.289257133889345,-1.5596088433826332
ダバンテ・ガードナー,29.91127272727272,19.545454545454547,4.890909090909091,5.723172186342392,1.8850810689828306
チャールズ・ジャクソン,25.957500000000003,15.566666666666666,1.5666666666666667,3.8605715777547687,-1.02452013886973
チリジ・ネパウェ,15.369230769230768,6.384615384615385,0.5384615384615384,0.3457050595234712,-0.9423091819454684
テーブス海,16.348333333333336,5.95,2.6166666666666667,-0.6129577413943457,1.03321521417065
ディージェイ・ニュービル,30.40580000000001,19.34,6.0,5.253030621299285,2.9423097684714574
デイヴィッド・サイモン,28.93982456140352,17.80701754385965,2.175438596491228,4.504685719104549,-0.7285114276489635
デション・トーマス,24.66,16.6,1.711111111111111,5.5883689515082615,-0.7440038927876238
デモン・ブルックス,30.75142857142857,17.946428571428573,2.4107142857142856,3.674467582555277,-0.683222807017906
トーマス・ケネディ,27.45923076923077,16.307692307692307,2.3653846153846154,3.7978222533674835,-0.3832921410912351
ドウェイン・エバンス,26.62230769230769,17.21153846153846,2.673076923076923,5.149616755206603,0.012170209690905764
ナナーダニエル弾,1.3964705882352941,0.7058823529411765,0.0,2.1456460094415535,-0.015415304854770023
ニック・ファジーカス,29.979285714285712,20.660714285714285,3.7142857142857144,6.802029172257555,0.7013250143805592
ニック・メイヨ,33.62272727272728,21.490909090909092,2.2181818181818183,5.682136003880071,-1.1768749564968806
ネナド・ミリェノヴィッチ,11.759250000000002,5.35,2.45,1.2432683499285586,1.3478162446384967
ハビエル・カーター,21.97350877192983,8.912280701754385,1.4035087719298245,-0.6614531962179555,-0.7698677337128172
ハーパージャンジュニア,3.3280000000000003,1.8,0.2,2.205946531656842,-0.017979225452038228
パトリック・アウダ,25.377924528301882,15.622641509433961,2.0,4.226753991854546,-0.5304053961961572
パブロ・アギラール,26.15793103448276,11.53448275862069,2.3793103448275863,-0.2788895141312757,-0.23289612311048202
ファイパプ月瑠,20.428125000000005,3.7708333333333335,0.6666666666666666,-4.975761097776481,-1.3446418974976737
ベンジャミン・ローソン,24.151333333333337,8.866666666666667,1.4666666666666666,-1.8727095004683214,-0.9351032969497128
ベンドラメ礼生,22.540666666666667,10.3,4.483333333333333,0.422704820227942,2.250477678133956
ペリン・ビュフォード,23.858541666666664,13.541666666666666,3.9166666666666665,2.959002086302151,1.545602436836667
マット・ボンズ,15.230000000000002,7.285714285714286,1.0714285714285714,1.3213247795439935,-0.3947406987952926
マティアス・カルファニ,15.38185185185185,6.7407407407407405,1.6666666666666667,0.6950752032931309,0.18457234437074388
マーク・セントフォート,11.483913043478264,7.043478260869565,0.782608695652174,3.084115871147315,-0.29069984141927707
ムッサ・ダマ,15.365714285714287,7.571428571428571,0.7142857142857143,1.534400382252592,-0.7661162244276379
ヤンジェミン,7.450000000000001,2.1956521739130435,0.2608695652173913,0.39537074825821916,-0.3893932566511708
ライアン・ケリー,28.415102040816326,21.06122448979592,2.6122448979591835,8.039741159643075,-0.23667627166374094
ライアン・ロシター,24.07357142857143,12.875,4.071428571428571,2.1772445238644114,1.6778136771607306
ラシードファラーズ,0.725,0.0,0.0,1.799156471705912,0.05500335617634877
リチャード・ソロモン,21.599523809523806,14.357142857142858,1.119047619047619,4.983577828572342,-1.015108225616232
リチャード・ヘンドリックス,30.943,12.2,3.5,-2.174496224568692,0.38597237206317203
リード・トラビス,27.048837209302327,16.46511627906977,1.2093023255813953,4.174902155219181,-1.4963355167673207
ルーク・エヴァンス,24.6975,10.5,1.75,-0.5317022635327859,-0.7090477149287251
レイヴォンテ・ライス,25.609607843137244,19.980392156862745,2.7254901960784315,8.460500222390458,0.1707876391431351
レオ・ライオンズ,29.833673469387758,15.755102040816327,3.6122448979591835,1.9743533188250932,0.6145548882303435
レジナルド・ベクトン,24.836226415094334,11.075471698113208,1.6037735849056605,-0.030481437665754285,-0.8698226874308645
ロスコ・アレン,27.86925925925926,17.074074074074073,2.4444444444444446,4.344743486514137,-0.3472329404406129
ロバート・カーター,29.656222222222222,17.42222222222222,3.2222222222222223,3.7364511573286165,0.24314193188040667
三ツ井利也,22.690416666666668,2.9375,0.6458333333333334,-7.019946231835966,-1.6027269479124713
上澤俊喜,2.3354545454545454,0.7272727272727273,0.2727272727272727,1.664461745761398,0.15883856612476926
下山貴裕,7.848000000000001,0.6,0.2,-1.413303921290448,-0.49200199493352476
並里成,20.604200000000002,8.26,3.94,-0.580835476132533,1.9102260466461791
中務敏宏,1.589803921568627,0.5686274509803921,0.058823529411764705,1.9049128432691596,0.02313291435793409
中山拓哉,22.823035714285716,6.75,3.1607142857142856,-3.2784282431239795,0.8982459406989278
中村拓人,1.88,0.38461538461538464,0.38461538461538464,1.565578433057111,0.318491241068035
中村浩陸,18.00685185185185,4.333333333333333,1.9074074074074074,-3.117317256987424,0.1500233130121702
中東泰斗,20.75925,4.8,1.85,-4.123823259922241,-0.1960344025591536
中野司,19.377796610169494,8.084745762711865,0.6610169491525424,-0.09967888237120981,-1.2401412671771763
久保田義章,10.878947368421054,2.280701754385965,1.6491228070175439,-1.3548634044956405,0.6392584081611052
五十嵐圭,24.421666666666667,7.333333333333333,3.9375,-3.550733992897542,1.507379559536314
井上宗一郎,8.580666666666668,1.6,0.06666666666666667,-0.805450860492376,-0.7021717624350223
井上裕介,3.5826,1.38,0.12,1.649676362338174,-0.12467971153831842
今川友哲,12.720363636363636,2.8363636363636364,0.5454545454545454,-1.7847871730234117,-0.6575234018749918
今村佳太,22.753928571428567,9.75,1.5892857142857142,-0.24143986111976368,-0.6659352061172321
伊藤大司,7.457796610169492,0.7288135593220338,0.5084745762711864,-1.075640864714205,-0.14260589399231138
伊藤達哉,18.394166666666667,4.875,4.354166666666667,-2.7829540286335774,2.5561639790900736
伊藤領,0.6033333333333333,0.0,0.1111111111111111,1.8642764138390804,0.17887392974031702
伊藤駿,8.785714285714286,2.232142857142857,1.5892857142857142,-0.28305613283109343,0.7989434709679771
佐土原遼,8.941875,3.5625,0.8125,0.9637187359622699,0.005780824321660938
佐藤公威,17.21277777777778,3.611111111111111,0.9629629629629629,-3.4145253058960647,-0.7111447615725316
佐藤卓磨,17.73388888888889,4.351851851851852,0.9444444444444444,-2.9527001163923634,-0.7843133978115067
佐藤託矢,1.6695238095238096,0.38095238095238093,0.047619047619047616,1.674569106195909,0.003568025027325533
保岡龍斗,16.722807017543857,6.175438596491228,1.6140350877192982,-0.5879495940498316,-0.008688279132339494
兪龍海,4.196666666666667,0.7333333333333333,0.26666666666666666,0.6743413192393909,-0.04241162495563372
八村阿蓮,10.09,1.5454545454545454,0.18181818181818182,-1.667840419089846,-0.7453074965616908
内海慎吾,4.364583333333333,0.75,0.125,0.6011335452222677,-0.20168809767881196
内田旦人,12.203214285714287,3.357142857142857,0.42857142857142855,-0.9872128635716604,-0.7201718799460828
前田怜緒,15.650344827586206,4.741379310344827,1.0,-1.4479923671820973,-0.5102517966197999
前田悟,25.519666666666673,9.433333333333334,0.9666666666666667,-2.0384191692993436,-1.5786035527551334
加藤寿一,1.314909090909091,0.2545454545454545,0.05454545454545454,1.7379634670966007,0.047683691028211884
北原秀明,10.193999999999999,2.466666666666667,0.4666666666666667,-0.8022924675915553,-0.4713657303030453
北川弘,21.687500000000007,5.25,3.9166666666666665,-4.170652736238244,1.773284557078488
原修太,21.05929824561403,6.2631578947368425,1.912280701754386,-2.821260908129597,-0.1652204486729143
古川孝敏,21.765254237288133,9.11864406779661,1.576271186440678,-0.34362525556062984,-0.5752651883904736
古野拓巳,16.275740740740744,3.759259259259259,4.018518518518518,-2.7648445745000765,2.4426800177447543
合田怜,15.228333333333333,3.0,1.5,-2.9634974521684683,0.03400551693302467
吉井裕鷹,0.0,0.0,0.0,2.1871999624994487,0.13103576942282613
喜多川修平,11.068000000000005,4.083333333333333,0.36666666666666664,0.3465810805184857,-0.6630241153753511
土屋アリスター時生,0.8939024390243903,0.34146341463414637,0.07317073170731707,2.050217828350311,0.11046090161850669
坂本聖芽,6.959090909090909,3.272727272727273,0.09090909090909091,1.7351962985188565,-0.5078709683850537
城宝匡史,6.020333333333334,1.6666666666666667,0.3333333333333333,0.6315891637766604,-0.16699706535631315
増子匠,6.604074074074073,1.3703703703703705,0.25925925925925924,0.022855909196997315,-0.3022893700908074
増田啓介,14.041186440677969,5.016949152542373,0.9661016949152542,-0.31114881781824977,-0.37539397004600505
多嶋朝飛,23.45830508474576,7.135593220338983,3.593220338983051,-3.2328517732781386,1.264129837695076
多田武史,6.454655172413793,2.913793103448276,0.2413793103448276,1.646252479779442,-0.3044994160012816
大倉颯太,17.5625,4.75,2.75,-2.462819081723291,1.0392161037107452
大塚裕土,11.329152542372883,3.4745762711864407,0.6949152542372882,-0.4019532839345836,-0.36216319404205766
大宮宏正,1.1766666666666667,0.7777777777777778,0.0,2.3351876149893256,0.007636036659577808
大崎裕太,24.272380952380953,5.642857142857143,3.0476190476190474,-5.161307632067477,0.6331545424937985
大庭岳輝,1.6392727272727272,0.45454545454545453,0.05454545454545454,1.7643535391779377,0.01366693234941175
大浦颯太,16.044406779661013,7.101694915254237,2.830508474576271,0.7014085129383147,1.2789304970118294
大矢孝太朗,3.3048,0.86,0.08,1.2783639233622353,-0.13554618822815095
太田敦也,20.015762711864408,4.406779661016949,0.847457627118644,-4.119105112493215,-1.1206055578749532
宇都直輝,23.23050000000001,10.4,3.816666666666667,0.1534836688728909,1.5114666072311578
安藤周人,25.05490196078432,8.92156862745098,1.9803921568627452,-2.301426745708291,-0.5161371216210902
安藤誓哉,22.68642857142857,10.321428571428571,3.9285714285714284,0.3661168973826854,1.6804293880224637
富樫勇樹,25.792280701754393,13.807017543859649,5.614035087719298,2.189353176654903,3.0401752090249747
寺園脩斗,16.240338983050847,6.593220338983051,2.4915254237288136,0.08806467299504472,0.9193995865003322
寺嶋良,21.80563636363636,8.127272727272727,3.1636363636363636,-1.3566104185311794,1.0078650225731018
小原翼,3.6985454545454552,0.6363636363636364,0.05454545454545454,0.8439822346694493,-0.2022937228053476
小島元基,13.945178571428574,4.321428571428571,2.732142857142857,-0.9552828765497283,1.4007157576846099
小林遥太,9.740357142857144,2.0357142857142856,1.2678571428571428,-0.9904404928759822,0.3773993130330835
小酒部泰暉,16.700217391304346,6.521739130434782,1.7608695652173914,-0.22955836021427434,0.14051522429310004
小野寺祥太,5.561111111111111,1.1666666666666667,0.25,0.3773797764126281,-0.20217071072831438
小野龍猛,16.44365384615385,3.6923076923076925,0.5769230769230769,-2.9216686760371404,-1.016524856430368
小阪彰久,5.572166666666667,0.7,0.25,-0.09520418179947288,-0.2033301322023412
山下泰弘,15.081206896551723,3.3793103448275863,2.6206896551724137,-2.5054402713177764,1.17012465905835
山内盛久,13.83611111111111,3.259259259259259,2.2777777777777777,-1.9590757500520408,0.9577888330982907
山口祐希,2.8894736842105266,0.40350877192982454,0.19298245614035087,1.044168796529806,0.020992491462878793
山口颯斗,22.414814814814818,8.592592592592593,0.8518518518518519,-1.2173425983306068,-1.3678054309229266
山本エドワード,15.135192307692307,5.115384615384615,1.6346153846153846,-0.7982607419895977,0.178388814585291
山本柊輔,4.284464285714285,0.7142857142857143,0.4107142857142857,0.6083015697385322,0.09242845636304015
山本浩太,6.912857142857143,1.1428571428571428,0.14285714285714285,-0.3699280216383314,-0.4510742753056545
岡本飛竜,12.403396226415094,2.6792452830188678,1.6981132075471699,-1.7722542984727063,0.5283763596643543
岡田侑大,21.928793103448278,9.517241379310345,2.0,-0.032559244054068515,-0.16868707090528723
岡田慎吾,19.41333333333333,2.6444444444444444,1.4222222222222223,-5.559000606304643,-0.48266281179166026
岸本隆一,21.681250000000002,8.625,2.5357142857142856,-0.7923075337313996,0.3929876279644393
川嶋勇人,26.887321428571422,9.482142857142858,3.857142857142857,-2.7216227875724694,1.1684435452580857
川村卓也,21.58962264150944,6.981132075471698,2.4150943396226414,-2.3871335271688485,0.28197685316305376
常田耕平,0.8062499999999999,0.0,0.0,1.7556688391169812,0.046482482278036655
平岩玄,0.4073684210526316,0.05263157894736842,0.05263157894736842,2.0217947633167284,0.14094568749703776
広瀬健太,16.186610169491527,4.101694915254237,1.6101694915254237,-2.374703348844452,0.04367831823595636
張本天傑,14.664313725490196,5.0,0.8235294117647058,-0.6616158831981878,-0.583315041091724
後藤翔平,9.216727272727278,2.1636363636363636,0.7272727272727273,-0.5822547422794773,-0.10827083679421023
星川堅信,0.4916666666666667,0.3333333333333333,0.16666666666666666,2.2573773652946367,0.24614022480739894
星野曹樹,2.663142857142857,0.8285714285714286,0.14285714285714285,1.5903710451845505,-0.005396988752707055
晴山ケビン,25.31464285714286,8.303571428571429,0.75,-3.05844568820827,-1.773768902165136
會田圭佑,6.459705882352941,0.8823529411764706,0.8235294117647058,-0.38789098610032546,0.27712100588027744
朝山正悟,26.15418181818182,8.709090909090909,2.1636363636363636,-3.1022746616180807,-0.44817691538702364
木下誠,5.619183673469388,2.183673469387755,0.46938775510204084,1.3633042621449838,0.011126841533027954
杉浦佑成,18.88383333333333,5.966666666666667,1.1833333333333333,-1.9533728277028661,-0.6660218209370874
村上駿斗,18.536779661016947,5.135593220338983,1.3728813559322033,-2.5986919036879765,-0.4400774835350907
松井啓十郎,22.25192307692308,8.153846153846153,1.0961538461538463,-1.5689041010867921,-1.1064206063729025
松脇圭志,19.44566666666666,5.216666666666667,1.5166666666666666,-3.0040842317178083,-0.39160923819085136
林翔太郎,22.445740740740742,5.2592592592592595,1.3888888888888888,-4.5672284892533455,-0.8340116666859307
柏倉哲平,19.874629629629627,4.388888888888889,2.537037037037037,-4.06145688614288,0.5837748021554727
柏木真介,15.640909090909089,3.0727272727272728,2.1818181818181817,-3.111594092801862,0.6725559325505466
柳川幹也,4.088666666666667,0.7333333333333333,1.1333333333333333,0.7321464185576007,0.8355812494774049
栗原ルイス,21.056136363636366,5.659090909090909,1.8181818181818181,-3.423635552092647,-0.2589877384287067
根來新之助,5.362592592592592,0.8888888888888888,0.1111111111111111,0.20585554196324685,-0.32024050715226743
桜井良太,9.036551724137933,1.0862068965517242,0.5862068965517241,-1.5632484178741164,-0.23044124438796398
森井健太,18.985932203389833,2.711864406779661,3.9661016949152543,-5.262821710959251,2.106039197913614
森山修斗,2.24,0.6585365853658537,0.024390243902439025,1.6468159694135478,-0.07948792553281667
森川正明,27.182881355932206,9.457627118644067,2.0338983050847457,-2.904331775659898,-0.6857970544361556
橋本尚明,8.703333333333333,2.8095238095238093,0.47619047619047616,0.33841777449717103,-0.30551228765820293
橋本拓哉,29.599,13.425,2.325,-0.23014387749763898,-0.6480792646219786
橋本晃佑,13.89132075471698,4.849056603773585,0.7358490566037735,-0.39882839564845884,-0.5899298500589304
橋本竜馬,18.100526315789473,4.017543859649122,3.1403508771929824,-3.4832443389262133,1.3731429268629207
武井弘明,3.9047619047619047,1.1904761904761905,0.47619047619047616,1.287721062987462,0.19772490661749648
比江島慎,17.59488888888889,7.8,2.1555555555555554,0.5698453355079254,0.44137496218410166
水戸健史,16.628999999999998,4.633333333333334,1.2666666666666666,-2.0798463019682094,-0.34621894304936496
水野幹太,3.358076923076923,0.7307692307692307,0.3076923076923077,1.1206176186700758,0.08655884631672861
永吉佑也,21.067543859649124,3.017543859649123,0.8070175438596491,-6.071288263015818,-1.2713483430280474
池田雄一,10.309629629629628,2.074074074074074,0.2962962962962963,-1.256773784488486,-0.6538624452024324
河村勇輝,21.271874999999998,6.0,3.4375,-3.1981967695333235,1.3377054376608806
津屋一球,18.107631578947373,5.7631578947368425,0.5789473684210527,-1.741433270898904,-1.189005727156797
津山尚大,7.9559259259259285,2.4074074074074074,1.3703703703703705,0.3363380336432744,0.6670499359885577
渡辺竜之佑,14.325660377358492,3.4716981132075473,1.9811320754716981,-2.0086595253314057,0.6098029761496859
渡邉裕規,17.022931034482756,5.551724137931035,1.8620689655172413,-1.372300150822368,0.2078709044847884
渡部琉,3.914444444444445,1.4444444444444444,0.2222222222222222,1.536506907992737,-0.05725877750029995
満原優樹,11.718571428571426,2.1964285714285716,0.8928571428571429,-1.8885305891840578,-0.2050605573965899
満田丈太郎,19.584799999999998,4.3,1.5,-3.995219566456764,-0.42286713671456644
熊谷尚也,12.284600000000001,3.5,0.78,-0.8879159919864543,-0.3772784150843129
熊谷航,9.956296296296294,2.759259259259259,1.1851851851851851,-0.382473150916566,0.2720813209468087
牧全,5.856603773584906,1.320754716981132,0.39622641509433965,0.37331057948542745,-0.08693328904709119
牧隼利,15.097500000000002,3.4107142857142856,1.2321428571428572,-2.482756927310981,-0.22013083410837475
狩俣昌也,26.079152542372878,8.016949152542374,3.0338983050847457,-3.7542583187230125,0.4299535183425851
狩野祐介,19.21857142857143,5.25,1.2857142857142858,-2.8492021688216305,-0.5987456205374893
玉木祥護,4.189152542372881,1.305084745762712,0.1016949152542373,1.2501145344566553,-0.20659535291497266
王偉嘉,4.870500000000001,1.5,0.2,1.0803505529685244,-0.1797447391523022
生原秀将,17.949189189189187,4.243243243243243,2.5945945945945947,-3.1765444216870735,0.8432577159186123
田中大貴,25.252765957446805,9.425531914893616,4.319148936170213,-1.9033666802894764,1.8018692064300441
田中成也,19.810363636363636,4.818181818181818,1.1636363636363636,-3.59776671496547,-0.7828861490966559
田代直希,21.667818181818195,7.781818181818182,1.8909090909090909,-1.6283002076167046,-0.250408941253651
田口成浩,8.682500000000001,2.1964285714285716,0.6428571428571429,-0.2635267885752648,-0.1366607815304307
田渡修人,14.137796610169492,3.864406779661017,1.2372881355932204,-1.515400083686703,-0.11433925947919987
田渡凌,11.331818181818182,2.5090909090909093,2.8545454545454545,-1.3688653826308754,1.7971874545421485
田臥勇太,1.9492156862745094,0.27450980392156865,0.17647058823529413,1.4184263744051835,0.10308763687834169
白濱僚祐,15.149482758620689,3.1724137931034484,1.103448275862069,-2.748880276633887,-0.3542769665410801
盛實海翔,11.553962264150941,3.8679245283018866,1.150943396226415,-0.1289304739958017,0.07028863668078644
石井峻平,0.0,0.0,0.0,2.1871999624994487,0.13103576942282613
石井講祐,17.117288135593224,6.576271186440678,1.6610169491525424,-0.39825608010039915,-0.0030765575411115798
石崎巧,4.168035714285714,1.4821428571428572,0.4642857142857143,1.4384750564373956,0.15821001632281928
石谷聡,6.303703703703706,1.1851851851851851,1.0740740740740742,-0.0015613214372023343,0.5440259745543485
神里和,3.726,0.55,0.35,0.7429240360212181,0.09028160148299902
秋山皓太,13.5578431372549,3.156862745098039,0.47058823529411764,-1.9125342284184916,-0.8202181085833068
竹内公輔,14.986333333333334,4.083333333333333,0.6166666666666667,-1.7506378777702585,-0.8239487212201053
竹内譲次,13.751960784313725,2.9411764705882355,0.6666666666666666,-2.232118557258411,-0.6444972401895309
竹田謙,7.056315789473683,1.0701754385964912,0.43859649122807015,-0.5193934417853263,-0.1703797643186296
笹山貴哉,15.72394736842105,5.7894736842105265,2.9210526315789473,-0.4392924579740898,1.4030819676477742
笹山陸,2.415,0.0,0.0,0.894613713856151,-0.12223082090854331
篠山竜青,20.02915254237288,5.864406779661017,4.694915254237288,-2.6686446649824447,2.725447847000214
米須玲音,1.2850000000000001,0.6666666666666666,0.5833333333333334,2.1660929937596403,0.5796082047951616
納見悠仁,16.375000000000004,4.5,2.0,-2.0772306054235337,0.4137519529937681
細川一輝,19.412456140350873,4.807017543859649,1.1578947368421053,-3.395958004783214,-0.7468983039313093
細谷将司,13.864915254237285,6.52542372881356,1.88135593220339,1.2916718088153658,0.5583462309537237
船生誠也,13.471111111111112,3.4444444444444446,1.8518518518518519,-1.578530738467352,0.5701412945309361
荒尾岳,4.373454545454544,0.07272727272727272,0.2727272727272727,-0.08088734221471452,-0.054891169318431854
荒谷裕秀,1.1230434782608696,0.4782608695652174,0.13043478260869565,2.0643715746615445,0.14369440605511935
菅澤紀行,7.758000000000001,1.2,0.6,-0.76513300519194,-0.08256348846154826
菊地祥平,11.946964285714278,2.267857142857143,1.2321428571428572,-1.9393452750768962,0.11027307399694641
菊池真人,4.061764705882352,0.8823529411764706,0.17647058823529413,0.8955648274654777,-0.11846022527650532
葛原大智,19.099322033898307,4.813559322033898,1.1694915254237288,-3.2218167069477666,-0.7024624232346954
藤井祐眞,21.45457627118644,10.457627118644067,4.101694915254237,1.1616427090506019,1.9827400514647668
藤本巧太,1.3803846153846153,0.5769230769230769,0.19230769230769232,2.025296467296264,0.1785793603291353
藤永佳昭,7.536315789473685,1.3157894736842106,1.3333333333333333,-0.5306909592229836,0.6740183766027588
西山達哉,28.63980392156862,11.058823529411764,4.235294117647059,-2.0829275279065875,1.3628079462936253
西川貴之,25.52590909090909,7.636363636363637,1.5,-3.838730013984959,-1.045924876773054
西村文男,8.604545454545455,2.8545454545454545,1.6,0.43631389308148805,0.8286573476323456
西田優大,19.725517241379308,5.206896551724138,1.4482758620689655,-3.1636394417114735,-0.4893486145731265
西野曜,4.096153846153847,1.6153846153846154,0.15384615384615385,1.6101903195545337,-0.1446911276991813
角野亮伍,10.551538461538463,3.4615384615384617,0.5769230769230769,0.0012131580273617715,-0.39860519874898315
谷口光貴,10.721034482758618,3.1379310344827585,0.3793103448275862,-0.413114031441975,-0.6139933674362593
谷口大智,4.4871428571428575,1.3877551020408163,0.20408163265306123,1.1732908190575093,-0.13545956345551247
赤穂雷太,6.481929824561404,2.0526315789473686,0.22807017543859648,0.7704926777205507,-0.32066890624991423
辻直人,22.224745762711873,9.067796610169491,3.2033898305084745,-0.6404074656228875,1.0036655252714306
遠藤善,2.754166666666667,1.4166666666666667,0.08333333333333333,2.1297473911515885,-0.07446667400201033
遠藤祐亮,21.663508771929823,7.087719298245614,2.0350877192982457,-2.3200925553874194,-0.1057783751631427
野口大介,10.155689655172411,3.3275862068965516,0.7758620689655172,0.07913201048715912,-0.15815263425309667
野本大智,13.454193548387098,5.193548387096774,0.8387096774193549,0.1796280319024195,-0.4412266962875534
野本建吾,14.35983050847458,3.457627118644068,1.2033898305084745,-2.0410194812178646,-0.17152276885450957
金丸晃輔,26.251818181818184,16.163636363636364,1.1090909090909091,4.300012647584143,-1.5129617193778346
鈴木空,1.4186666666666667,0.26666666666666666,0.13333333333333333,1.6945502628133375,0.11559027481270767
鈴木達也,24.62388888888889,7.7407407407407405,5.092592592592593,-3.2515624710448083,2.641264643759774
長谷川技,12.132641509433961,1.320754716981132,0.5660377358490566,-2.9858281672329596,-0.575304443716597
長谷川暢,17.8622033898305,6.203389830508475,2.0847457627118646,-1.1698402161699653,0.3425312843716266
長野誠史,16.21018181818182,5.4,2.4909090909090907,-1.0890145742249526,0.9219459047449736
関野剛平,15.030666666666669,4.133333333333334,0.7833333333333333,-1.724366514218782,-0.6619313929266716
阿部友和,5.12439024390244,1.3658536585365855,0.8292682926829268,0.810313926646731,0.4228975011945706
阿部諒,20.12099999999999,5.583333333333333,1.85,-2.9988778465903154,-0.12909966082871893
青木保憲,4.733673469387756,1.3061224489795917,0.7959183673469388,0.9597069944611427,0.4305229403582117
須田侑太郎,19.127551020408163,6.285714285714286,1.510204081632653,-1.764770811497514,-0.3647103056021117
須藤昂矢,9.882777777777777,2.9444444444444446,0.5,-0.15793847253980164,-0.4053938085400748
頓宮裕人,8.031864406779661,1.11864406779661,0.2711864406779661,-0.9930700414103375,-0.440097836403958
飴谷由毅,4.8966666666666665,1.5555555555555556,0.16666666666666666,1.1219008606954401,-0.21582223084878424
駒水大雅ジャック,2.283478260869565,0.6739130434782609,0.06521739130434782,1.6389214535653234,-0.04322044309321531
高原晟也,4.714285714285714,1.7142857142857142,0.14285714285714285,1.3782472144823636,-0.22050504577594293
高島紳司,15.682727272727272,4.363636363636363,1.0909090909090908,-1.8430674477567255,-0.4227387270222911
高橋耕陽,8.992,3.3636363636363638,0.7090909090909091,0.73802657549377,-0.1028849903308503
鵤誠司,21.4148275862069,5.241379310344827,2.6379310344827585,-4.03333031514669,0.5231447064758652
齋藤拓実,26.001818181818177,12.49090909090909,5.6,0.7610934751305063,3.0041654450645248
